Timestamp,"Participation ID
Description: Please enter the Participant ID number you were given (e.g., P01, P02).  ",I think that I would like to use this system frequently.,I found the system unnecessarily complex.,I thought the system was easy to use.,I think that I would need the support of a technical person to be able to use this system.,I found the various functions in this system were well integrated.,I thought there was too much inconsistency in this system.,I would imagine that most people would learn to use this system very quickly.,I found the system very cumbersome to use.,I felt very confident using the system.,I needed to learn a lot of things before I could get going with this system
9/9/2025 17:22:52,MayoA,5,1,5,1,5,1,5,1,5,1
9/9/2025 19:27:09,Mary Owofolaju ,3,1,4,5,3,1,3,2,5,2
9/9/2025 19:33:15,BigBootyLatina,5,1,5,1,5,1,5,1,5,1
9/10/2025 0:30:24,P04,3,4,3,4,4,3,4,4,5,5
9/10/2025 13:21:19,MitchA ,5,2,3,1,4,2,5,2,4,1
9/11/2025 18:21:49,fola,5,3,4,2,5,1,4,2,5,3
9/11/2025 19:25:23,Ibrahim,4,2,5,1,4,2,4,1,5,1
9/11/2025 19:35:05,Olamiposi Eluwande,5,5,3,2,4,2,3,2,4,2
9/11/2025 19:35:16,Kene,4,1,4,1,5,2,5,1,5,1
9/12/2025 1:13:32,Idk,5,1,5,1,5,1,5,1,5,1